--
-- PostgreSQL database dump
--

-- Dumped from database version 17.5
-- Dumped by pg_dump version 17.5

SET statement_timeout = 0;
SET lock_timeout = 0;
SET idle_in_transaction_session_timeout = 0;
SET transaction_timeout = 0;
SET client_encoding = 'UTF8';
SET standard_conforming_strings = on;
SELECT pg_catalog.set_config('search_path', '', false);
SET check_function_bodies = false;
SET xmloption = content;
SET client_min_messages = warning;
SET row_security = off;

SET default_tablespace = '';

SET default_table_access_method = heap;

--
-- Name: auth_group; Type: TABLE; Schema: public; Owner: kuku
--

CREATE TABLE public.auth_group (
    id integer NOT NULL,
    name character varying(150) NOT NULL
);


ALTER TABLE public.auth_group OWNER TO kuku;

--
-- Name: auth_group_id_seq; Type: SEQUENCE; Schema: public; Owner: kuku
--

ALTER TABLE public.auth_group ALTER COLUMN id ADD GENERATED BY DEFAULT AS IDENTITY (
    SEQUENCE NAME public.auth_group_id_seq
    START WITH 1
    INCREMENT BY 1
    NO MINVALUE
    NO MAXVALUE
    CACHE 1
);


--
-- Name: auth_group_permissions; Type: TABLE; Schema: public; Owner: kuku
--

CREATE TABLE public.auth_group_permissions (
    id bigint NOT NULL,
    group_id integer NOT NULL,
    permission_id integer NOT NULL
);


ALTER TABLE public.auth_group_permissions OWNER TO kuku;

--
-- Name: auth_group_permissions_id_seq; Type: SEQUENCE; Schema: public; Owner: kuku
--

ALTER TABLE public.auth_group_permissions ALTER COLUMN id ADD GENERATED BY DEFAULT AS IDENTITY (
    SEQUENCE NAME public.auth_group_permissions_id_seq
    START WITH 1
    INCREMENT BY 1
    NO MINVALUE
    NO MAXVALUE
    CACHE 1
);


--
-- Name: auth_permission; Type: TABLE; Schema: public; Owner: kuku
--

CREATE TABLE public.auth_permission (
    id integer NOT NULL,
    name character varying(255) NOT NULL,
    content_type_id integer NOT NULL,
    codename character varying(100) NOT NULL
);


ALTER TABLE public.auth_permission OWNER TO kuku;

--
-- Name: auth_permission_id_seq; Type: SEQUENCE; Schema: public; Owner: kuku
--

ALTER TABLE public.auth_permission ALTER COLUMN id ADD GENERATED BY DEFAULT AS IDENTITY (
    SEQUENCE NAME public.auth_permission_id_seq
    START WITH 1
    INCREMENT BY 1
    NO MINVALUE
    NO MAXVALUE
    CACHE 1
);


--
-- Name: consolidated_activity; Type: TABLE; Schema: public; Owner: kuku
--

CREATE TABLE public.consolidated_activity (
    id uuid NOT NULL,
    activity_type character varying(20) NOT NULL,
    description text,
    status character varying(20) NOT NULL,
    scheduled_date date NOT NULL,
    completed_at timestamp with time zone,
    created_at timestamp with time zone NOT NULL,
    batch_id uuid,
    farmer_id uuid NOT NULL
);


ALTER TABLE public.consolidated_activity OWNER TO kuku;

--
-- Name: consolidated_alert; Type: TABLE; Schema: public; Owner: kuku
--

CREATE TABLE public.consolidated_alert (
    id uuid NOT NULL,
    alert_type character varying(20) NOT NULL,
    severity character varying(20) NOT NULL,
    message text NOT NULL,
    is_read boolean NOT NULL,
    created_at timestamp with time zone NOT NULL,
    farmer_id uuid
);


ALTER TABLE public.consolidated_alert OWNER TO kuku;

--
-- Name: consolidated_batch; Type: TABLE; Schema: public; Owner: kuku
--

CREATE TABLE public.consolidated_batch (
    id uuid NOT NULL,
    batch_number character varying(255) NOT NULL,
    breed character varying(255) NOT NULL,
    quantity integer NOT NULL,
    start_date date NOT NULL,
    expected_end_date date,
    status character varying(20) NOT NULL,
    mortality_count integer NOT NULL,
    current_age_days integer NOT NULL,
    created_at timestamp with time zone NOT NULL,
    updated_at timestamp with time zone NOT NULL,
    farm_id uuid NOT NULL
);


ALTER TABLE public.consolidated_batch OWNER TO kuku;

--
-- Name: consolidated_breedconfiguration; Type: TABLE; Schema: public; Owner: kuku
--

CREATE TABLE public.consolidated_breedconfiguration (
    id uuid NOT NULL,
    breed_name character varying(255) NOT NULL,
    breed_type character varying(20) NOT NULL,
    description text,
    average_maturity_days integer NOT NULL,
    production_lifespan_days integer NOT NULL,
    average_weight_kg numeric(10,2) NOT NULL,
    eggs_per_year integer NOT NULL,
    feed_consumption_daily_grams numeric(10,2) NOT NULL,
    space_requirement_sqm numeric(10,2) NOT NULL,
    temperature_min_celsius numeric(5,2) NOT NULL,
    temperature_max_celsius numeric(5,2) NOT NULL,
    humidity_min_percent numeric(5,2) NOT NULL,
    humidity_max_percent numeric(5,2) NOT NULL,
    is_active boolean NOT NULL,
    created_at timestamp with time zone NOT NULL,
    updated_at timestamp with time zone NOT NULL
);


ALTER TABLE public.consolidated_breedconfiguration OWNER TO kuku;

--
-- Name: consolidated_breedmilestone; Type: TABLE; Schema: public; Owner: kuku
--

CREATE TABLE public.consolidated_breedmilestone (
    id uuid NOT NULL,
    milestone_day integer NOT NULL,
    milestone_title character varying(255) NOT NULL,
    milestone_description text,
    action_required text,
    is_critical boolean NOT NULL,
    created_at timestamp with time zone NOT NULL,
    updated_at timestamp with time zone NOT NULL,
    breed_id uuid NOT NULL,
    stage_id uuid
);


ALTER TABLE public.consolidated_breedmilestone OWNER TO kuku;

--
-- Name: consolidated_breedstage; Type: TABLE; Schema: public; Owner: kuku
--

CREATE TABLE public.consolidated_breedstage (
    id uuid NOT NULL,
    stage_name character varying(255) NOT NULL,
    start_day integer NOT NULL,
    end_day integer NOT NULL,
    description text,
    feeding_guide text,
    health_tips text,
    housing_requirements text,
    expected_weight_kg numeric(10,2) NOT NULL,
    mortality_threshold_percent numeric(5,2) NOT NULL,
    feed_type text,
    vaccination_schedule text,
    common_diseases text,
    management_practices text,
    order_index integer NOT NULL,
    created_at timestamp with time zone NOT NULL,
    updated_at timestamp with time zone NOT NULL,
    breed_id uuid NOT NULL
);


ALTER TABLE public.consolidated_breedstage OWNER TO kuku;

--
-- Name: consolidated_device; Type: TABLE; Schema: public; Owner: kuku
--

CREATE TABLE public.consolidated_device (
    id uuid NOT NULL,
    device_name character varying(120) NOT NULL,
    serial_number character varying(120) NOT NULL,
    device_type character varying(50) NOT NULL,
    status character varying(20) NOT NULL,
    firmware_version character varying(50),
    installation_date date NOT NULL,
    last_online timestamp with time zone,
    notes text,
    created_at timestamp with time zone NOT NULL,
    updated_at timestamp with time zone NOT NULL,
    batch_id uuid,
    farm_id uuid NOT NULL
);


ALTER TABLE public.consolidated_device OWNER TO kuku;

--
-- Name: consolidated_farm; Type: TABLE; Schema: public; Owner: kuku
--

CREATE TABLE public.consolidated_farm (
    id uuid NOT NULL,
    name character varying(255) NOT NULL,
    location character varying(255) NOT NULL,
    size_hectares numeric(10,2),
    latitude numeric(9,6),
    longitude numeric(9,6),
    status character varying(20) NOT NULL,
    created_at timestamp with time zone NOT NULL,
    updated_at timestamp with time zone NOT NULL,
    farmer_id uuid NOT NULL
);


ALTER TABLE public.consolidated_farm OWNER TO kuku;

--
-- Name: consolidated_farmerprofile; Type: TABLE; Schema: public; Owner: kuku
--

CREATE TABLE public.consolidated_farmerprofile (
    user_id uuid NOT NULL,
    business_name character varying(255),
    location character varying(255),
    experience_years integer NOT NULL,
    verification_status character varying(10) NOT NULL,
    created_at timestamp with time zone NOT NULL,
    updated_at timestamp with time zone NOT NULL,
    CONSTRAINT consolidated_farmerprofile_experience_years_check CHECK ((experience_years >= 0))
);


ALTER TABLE public.consolidated_farmerprofile OWNER TO kuku;

--
-- Name: consolidated_payment; Type: TABLE; Schema: public; Owner: kuku
--

CREATE TABLE public.consolidated_payment (
    id uuid NOT NULL,
    amount numeric(10,2) NOT NULL,
    payment_method character varying(20) NOT NULL,
    transaction_id character varying(100),
    status character varying(20) NOT NULL,
    receipt_number character varying(100),
    payment_date timestamp with time zone NOT NULL,
    completed_at timestamp with time zone,
    notes text,
    created_at timestamp with time zone NOT NULL,
    updated_at timestamp with time zone NOT NULL,
    subscription_id uuid NOT NULL
);


ALTER TABLE public.consolidated_payment OWNER TO kuku;

--
-- Name: consolidated_recommendation; Type: TABLE; Schema: public; Owner: kuku
--

CREATE TABLE public.consolidated_recommendation (
    id uuid NOT NULL,
    title character varying(255) NOT NULL,
    category character varying(20) NOT NULL,
    content text NOT NULL,
    breed character varying(255),
    age_range_days character varying(100),
    created_at timestamp with time zone NOT NULL,
    created_by_id uuid
);


ALTER TABLE public.consolidated_recommendation OWNER TO kuku;

--
-- Name: consolidated_subscription; Type: TABLE; Schema: public; Owner: kuku
--

CREATE TABLE public.consolidated_subscription (
    id uuid NOT NULL,
    status character varying(20) NOT NULL,
    start_date date NOT NULL,
    end_date date NOT NULL,
    amount numeric(10,2) NOT NULL,
    is_active boolean NOT NULL,
    auto_renew boolean NOT NULL,
    trial_ends_at date,
    cancelled_at timestamp with time zone,
    cancellation_reason text,
    notes text,
    created_at timestamp with time zone NOT NULL,
    updated_at timestamp with time zone NOT NULL,
    plan_id uuid NOT NULL,
    farmer_id uuid NOT NULL
);


ALTER TABLE public.consolidated_subscription OWNER TO kuku;

--
-- Name: consolidated_subscriptionplan; Type: TABLE; Schema: public; Owner: kuku
--

CREATE TABLE public.consolidated_subscriptionplan (
    id uuid NOT NULL,
    name character varying(100) NOT NULL,
    description text,
    price numeric(10,2) NOT NULL,
    duration_days integer NOT NULL,
    max_farms integer NOT NULL,
    max_devices integer NOT NULL,
    features jsonb NOT NULL,
    is_active boolean NOT NULL,
    created_at timestamp with time zone NOT NULL,
    updated_at timestamp with time zone NOT NULL
);


ALTER TABLE public.consolidated_subscriptionplan OWNER TO kuku;

--
-- Name: consolidated_user; Type: TABLE; Schema: public; Owner: kuku
--

CREATE TABLE public.consolidated_user (
    password character varying(128) NOT NULL,
    last_login timestamp with time zone,
    is_superuser boolean NOT NULL,
    first_name character varying(150) NOT NULL,
    last_name character varying(150) NOT NULL,
    is_staff boolean NOT NULL,
    is_active boolean NOT NULL,
    date_joined timestamp with time zone NOT NULL,
    id uuid NOT NULL,
    email character varying(254) NOT NULL,
    role character varying(10) NOT NULL,
    phone character varying(20),
    created_at timestamp with time zone NOT NULL,
    updated_at timestamp with time zone NOT NULL
);


ALTER TABLE public.consolidated_user OWNER TO kuku;

--
-- Name: consolidated_user_groups; Type: TABLE; Schema: public; Owner: kuku
--

CREATE TABLE public.consolidated_user_groups (
    id bigint NOT NULL,
    user_id uuid NOT NULL,
    group_id integer NOT NULL
);


ALTER TABLE public.consolidated_user_groups OWNER TO kuku;

--
-- Name: consolidated_user_groups_id_seq; Type: SEQUENCE; Schema: public; Owner: kuku
--

ALTER TABLE public.consolidated_user_groups ALTER COLUMN id ADD GENERATED BY DEFAULT AS IDENTITY (
    SEQUENCE NAME public.consolidated_user_groups_id_seq
    START WITH 1
    INCREMENT BY 1
    NO MINVALUE
    NO MAXVALUE
    CACHE 1
);


--
-- Name: consolidated_user_user_permissions; Type: TABLE; Schema: public; Owner: kuku
--

CREATE TABLE public.consolidated_user_user_permissions (
    id bigint NOT NULL,
    user_id uuid NOT NULL,
    permission_id integer NOT NULL
);


ALTER TABLE public.consolidated_user_user_permissions OWNER TO kuku;

--
-- Name: consolidated_user_user_permissions_id_seq; Type: SEQUENCE; Schema: public; Owner: kuku
--

ALTER TABLE public.consolidated_user_user_permissions ALTER COLUMN id ADD GENERATED BY DEFAULT AS IDENTITY (
    SEQUENCE NAME public.consolidated_user_user_permissions_id_seq
    START WITH 1
    INCREMENT BY 1
    NO MINVALUE
    NO MAXVALUE
    CACHE 1
);


--
-- Name: consolidated_userfeatureaccess; Type: TABLE; Schema: public; Owner: kuku
--

CREATE TABLE public.consolidated_userfeatureaccess (
    id bigint NOT NULL,
    can_add_farm boolean NOT NULL,
    can_add_batch boolean NOT NULL,
    can_add_inventory boolean NOT NULL,
    can_view_analytics boolean NOT NULL,
    can_export_data boolean NOT NULL,
    can_use_api boolean NOT NULL,
    max_farms integer NOT NULL,
    max_batches_per_farm integer NOT NULL,
    max_devices integer NOT NULL,
    created_at timestamp with time zone NOT NULL,
    updated_at timestamp with time zone NOT NULL,
    user_id uuid NOT NULL,
    CONSTRAINT consolidated_userfeatureaccess_max_batches_per_farm_check CHECK ((max_batches_per_farm >= 0)),
    CONSTRAINT consolidated_userfeatureaccess_max_devices_check CHECK ((max_devices >= 0)),
    CONSTRAINT consolidated_userfeatureaccess_max_farms_check CHECK ((max_farms >= 0))
);


ALTER TABLE public.consolidated_userfeatureaccess OWNER TO kuku;

--
-- Name: consolidated_userfeatureaccess_id_seq; Type: SEQUENCE; Schema: public; Owner: kuku
--

ALTER TABLE public.consolidated_userfeatureaccess ALTER COLUMN id ADD GENERATED BY DEFAULT AS IDENTITY (
    SEQUENCE NAME public.consolidated_userfeatureaccess_id_seq
    START WITH 1
    INCREMENT BY 1
    NO MINVALUE
    NO MAXVALUE
    CACHE 1
);


--
-- Name: django_admin_log; Type: TABLE; Schema: public; Owner: kuku
--

CREATE TABLE public.django_admin_log (
    id integer NOT NULL,
    action_time timestamp with time zone NOT NULL,
    object_id text,
    object_repr character varying(200) NOT NULL,
    action_flag smallint NOT NULL,
    change_message text NOT NULL,
    content_type_id integer,
    user_id uuid NOT NULL,
    CONSTRAINT django_admin_log_action_flag_check CHECK ((action_flag >= 0))
);


ALTER TABLE public.django_admin_log OWNER TO kuku;

--
-- Name: django_admin_log_id_seq; Type: SEQUENCE; Schema: public; Owner: kuku
--

ALTER TABLE public.django_admin_log ALTER COLUMN id ADD GENERATED BY DEFAULT AS IDENTITY (
    SEQUENCE NAME public.django_admin_log_id_seq
    START WITH 1
    INCREMENT BY 1
    NO MINVALUE
    NO MAXVALUE
    CACHE 1
);


--
-- Name: django_content_type; Type: TABLE; Schema: public; Owner: kuku
--

CREATE TABLE public.django_content_type (
    id integer NOT NULL,
    app_label character varying(100) NOT NULL,
    model character varying(100) NOT NULL
);


ALTER TABLE public.django_content_type OWNER TO kuku;

--
-- Name: django_content_type_id_seq; Type: SEQUENCE; Schema: public; Owner: kuku
--

ALTER TABLE public.django_content_type ALTER COLUMN id ADD GENERATED BY DEFAULT AS IDENTITY (
    SEQUENCE NAME public.django_content_type_id_seq
    START WITH 1
    INCREMENT BY 1
    NO MINVALUE
    NO MAXVALUE
    CACHE 1
);


--
-- Name: django_migrations; Type: TABLE; Schema: public; Owner: kuku
--

CREATE TABLE public.django_migrations (
    id bigint NOT NULL,
    app character varying(255) NOT NULL,
    name character varying(255) NOT NULL,
    applied timestamp with time zone NOT NULL
);


ALTER TABLE public.django_migrations OWNER TO kuku;

--
-- Name: django_migrations_id_seq; Type: SEQUENCE; Schema: public; Owner: kuku
--

ALTER TABLE public.django_migrations ALTER COLUMN id ADD GENERATED BY DEFAULT AS IDENTITY (
    SEQUENCE NAME public.django_migrations_id_seq
    START WITH 1
    INCREMENT BY 1
    NO MINVALUE
    NO MAXVALUE
    CACHE 1
);


--
-- Name: django_session; Type: TABLE; Schema: public; Owner: kuku
--

CREATE TABLE public.django_session (
    session_key character varying(40) NOT NULL,
    session_data text NOT NULL,
    expire_date timestamp with time zone NOT NULL
);


ALTER TABLE public.django_session OWNER TO kuku;

--
-- Data for Name: auth_group; Type: TABLE DATA; Schema: public; Owner: kuku
--

COPY public.auth_group (id, name) FROM stdin;
\.


--
-- Data for Name: auth_group_permissions; Type: TABLE DATA; Schema: public; Owner: kuku
--

COPY public.auth_group_permissions (id, group_id, permission_id) FROM stdin;
\.


--
-- Data for Name: auth_permission; Type: TABLE DATA; Schema: public; Owner: kuku
--

COPY public.auth_permission (id, name, content_type_id, codename) FROM stdin;
1	Can add log entry	1	add_logentry
2	Can change log entry	1	change_logentry
3	Can delete log entry	1	delete_logentry
4	Can view log entry	1	view_logentry
5	Can add permission	2	add_permission
6	Can change permission	2	change_permission
7	Can delete permission	2	delete_permission
8	Can view permission	2	view_permission
9	Can add group	3	add_group
10	Can change group	3	change_group
11	Can delete group	3	delete_group
12	Can view group	3	view_group
13	Can add content type	4	add_contenttype
14	Can change content type	4	change_contenttype
15	Can delete content type	4	delete_contenttype
16	Can view content type	4	view_contenttype
17	Can add session	5	add_session
18	Can change session	5	change_session
19	Can delete session	5	delete_session
20	Can view session	5	view_session
21	Can add user	6	add_user
22	Can change user	6	change_user
23	Can delete user	6	delete_user
24	Can view user	6	view_user
25	Can add batch	7	add_batch
26	Can change batch	7	change_batch
27	Can delete batch	7	delete_batch
28	Can view batch	7	view_batch
29	Can add breed configuration	8	add_breedconfiguration
30	Can change breed configuration	8	change_breedconfiguration
31	Can delete breed configuration	8	delete_breedconfiguration
32	Can view breed configuration	8	view_breedconfiguration
33	Can add farm	9	add_farm
34	Can change farm	9	change_farm
35	Can delete farm	9	delete_farm
36	Can view farm	9	view_farm
37	Can add subscription	10	add_subscription
38	Can change subscription	10	change_subscription
39	Can delete subscription	10	delete_subscription
40	Can view subscription	10	view_subscription
41	Can add Subscription Plan	11	add_subscriptionplan
42	Can change Subscription Plan	11	change_subscriptionplan
43	Can delete Subscription Plan	11	delete_subscriptionplan
44	Can view Subscription Plan	11	view_subscriptionplan
45	Can add farmer profile	12	add_farmerprofile
46	Can change farmer profile	12	change_farmerprofile
47	Can delete farmer profile	12	delete_farmerprofile
48	Can view farmer profile	12	view_farmerprofile
49	Can add breed stage	13	add_breedstage
50	Can change breed stage	13	change_breedstage
51	Can delete breed stage	13	delete_breedstage
52	Can view breed stage	13	view_breedstage
53	Can add breed milestone	14	add_breedmilestone
54	Can change breed milestone	14	change_breedmilestone
55	Can delete breed milestone	14	delete_breedmilestone
56	Can view breed milestone	14	view_breedmilestone
57	Can add Device	15	add_device
58	Can change Device	15	change_device
59	Can delete Device	15	delete_device
60	Can view Device	15	view_device
61	Can add recommendation	16	add_recommendation
62	Can change recommendation	16	change_recommendation
63	Can delete recommendation	16	delete_recommendation
64	Can view recommendation	16	view_recommendation
65	Can add Payment	17	add_payment
66	Can change Payment	17	change_payment
67	Can delete Payment	17	delete_payment
68	Can view Payment	17	view_payment
69	Can add User Feature Access	18	add_userfeatureaccess
70	Can change User Feature Access	18	change_userfeatureaccess
71	Can delete User Feature Access	18	delete_userfeatureaccess
72	Can view User Feature Access	18	view_userfeatureaccess
73	Can add alert	19	add_alert
74	Can change alert	19	change_alert
75	Can delete alert	19	delete_alert
76	Can view alert	19	view_alert
77	Can add activity	20	add_activity
78	Can change activity	20	change_activity
79	Can delete activity	20	delete_activity
80	Can view activity	20	view_activity
\.


--
-- Data for Name: consolidated_activity; Type: TABLE DATA; Schema: public; Owner: kuku
--

COPY public.consolidated_activity (id, activity_type, description, status, scheduled_date, completed_at, created_at, batch_id, farmer_id) FROM stdin;
\.


--
-- Data for Name: consolidated_alert; Type: TABLE DATA; Schema: public; Owner: kuku
--

COPY public.consolidated_alert (id, alert_type, severity, message, is_read, created_at, farmer_id) FROM stdin;
\.


--
-- Data for Name: consolidated_batch; Type: TABLE DATA; Schema: public; Owner: kuku
--

COPY public.consolidated_batch (id, batch_number, breed, quantity, start_date, expected_end_date, status, mortality_count, current_age_days, created_at, updated_at, farm_id) FROM stdin;
\.


--
-- Data for Name: consolidated_breedconfiguration; Type: TABLE DATA; Schema: public; Owner: kuku
--

COPY public.consolidated_breedconfiguration (id, breed_name, breed_type, description, average_maturity_days, production_lifespan_days, average_weight_kg, eggs_per_year, feed_consumption_daily_grams, space_requirement_sqm, temperature_min_celsius, temperature_max_celsius, humidity_min_percent, humidity_max_percent, is_active, created_at, updated_at) FROM stdin;
\.


--
-- Data for Name: consolidated_breedmilestone; Type: TABLE DATA; Schema: public; Owner: kuku
--

COPY public.consolidated_breedmilestone (id, milestone_day, milestone_title, milestone_description, action_required, is_critical, created_at, updated_at, breed_id, stage_id) FROM stdin;
\.


--
-- Data for Name: consolidated_breedstage; Type: TABLE DATA; Schema: public; Owner: kuku
--

COPY public.consolidated_breedstage (id, stage_name, start_day, end_day, description, feeding_guide, health_tips, housing_requirements, expected_weight_kg, mortality_threshold_percent, feed_type, vaccination_schedule, common_diseases, management_practices, order_index, created_at, updated_at, breed_id) FROM stdin;
\.


--
-- Data for Name: consolidated_device; Type: TABLE DATA; Schema: public; Owner: kuku
--

COPY public.consolidated_device (id, device_name, serial_number, device_type, status, firmware_version, installation_date, last_online, notes, created_at, updated_at, batch_id, farm_id) FROM stdin;
\.


--
-- Data for Name: consolidated_farm; Type: TABLE DATA; Schema: public; Owner: kuku
--

COPY public.consolidated_farm (id, name, location, size_hectares, latitude, longitude, status, created_at, updated_at, farmer_id) FROM stdin;
\.


--
-- Data for Name: consolidated_farmerprofile; Type: TABLE DATA; Schema: public; Owner: kuku
--

COPY public.consolidated_farmerprofile (user_id, business_name, location, experience_years, verification_status, created_at, updated_at) FROM stdin;
0e9aa6eb-54d2-4488-b4e6-8a9ec8180e61	\N	\N	0	PENDING	2025-11-25 18:18:26.065916+03	2025-11-25 18:18:38.812664+03
\.


--
-- Data for Name: consolidated_payment; Type: TABLE DATA; Schema: public; Owner: kuku
--

COPY public.consolidated_payment (id, amount, payment_method, transaction_id, status, receipt_number, payment_date, completed_at, notes, created_at, updated_at, subscription_id) FROM stdin;
\.


--
-- Data for Name: consolidated_recommendation; Type: TABLE DATA; Schema: public; Owner: kuku
--

COPY public.consolidated_recommendation (id, title, category, content, breed, age_range_days, created_at, created_by_id) FROM stdin;
\.


--
-- Data for Name: consolidated_subscription; Type: TABLE DATA; Schema: public; Owner: kuku
--

COPY public.consolidated_subscription (id, status, start_date, end_date, amount, is_active, auto_renew, trial_ends_at, cancelled_at, cancellation_reason, notes, created_at, updated_at, plan_id, farmer_id) FROM stdin;
\.


--
-- Data for Name: consolidated_subscriptionplan; Type: TABLE DATA; Schema: public; Owner: kuku
--

COPY public.consolidated_subscriptionplan (id, name, description, price, duration_days, max_farms, max_devices, features, is_active, created_at, updated_at) FROM stdin;
\.


--
-- Data for Name: consolidated_user; Type: TABLE DATA; Schema: public; Owner: kuku
--

COPY public.consolidated_user (password, last_login, is_superuser, first_name, last_name, is_staff, is_active, date_joined, id, email, role, phone, created_at, updated_at) FROM stdin;
pbkdf2_sha256$1000000$l0QRnTKJ93XP47sVIbTU98$u4Qsl0UWn2Tj71YIk7aT6iA48sFIxAU4wAIf3j/O7N0=	2025-11-25 18:18:38.80646+03	t			t	t	2025-11-25 18:18:25.490897+03	0e9aa6eb-54d2-4488-b4e6-8a9ec8180e61	admin@amazingkuku.com	ADMIN	\N	2025-11-25 18:18:26.060291+03	2025-11-25 18:18:26.060302+03
\.


--
-- Data for Name: consolidated_user_groups; Type: TABLE DATA; Schema: public; Owner: kuku
--

COPY public.consolidated_user_groups (id, user_id, group_id) FROM stdin;
\.


--
-- Data for Name: consolidated_user_user_permissions; Type: TABLE DATA; Schema: public; Owner: kuku
--

COPY public.consolidated_user_user_permissions (id, user_id, permission_id) FROM stdin;
\.


--
-- Data for Name: consolidated_userfeatureaccess; Type: TABLE DATA; Schema: public; Owner: kuku
--

COPY public.consolidated_userfeatureaccess (id, can_add_farm, can_add_batch, can_add_inventory, can_view_analytics, can_export_data, can_use_api, max_farms, max_batches_per_farm, max_devices, created_at, updated_at, user_id) FROM stdin;
1	f	t	t	f	f	f	1	3	2	2025-11-25 18:18:26.070572+03	2025-11-25 18:18:26.070587+03	0e9aa6eb-54d2-4488-b4e6-8a9ec8180e61
\.


--
-- Data for Name: django_admin_log; Type: TABLE DATA; Schema: public; Owner: kuku
--

COPY public.django_admin_log (id, action_time, object_id, object_repr, action_flag, change_message, content_type_id, user_id) FROM stdin;
\.


--
-- Data for Name: django_content_type; Type: TABLE DATA; Schema: public; Owner: kuku
--

COPY public.django_content_type (id, app_label, model) FROM stdin;
1	admin	logentry
2	auth	permission
3	auth	group
4	contenttypes	contenttype
5	sessions	session
6	consolidated	user
7	consolidated	batch
8	consolidated	breedconfiguration
9	consolidated	farm
10	consolidated	subscription
11	consolidated	subscriptionplan
12	consolidated	farmerprofile
13	consolidated	breedstage
14	consolidated	breedmilestone
15	consolidated	device
16	consolidated	recommendation
17	consolidated	payment
18	consolidated	userfeatureaccess
19	consolidated	alert
20	consolidated	activity
\.


--
-- Data for Name: django_migrations; Type: TABLE DATA; Schema: public; Owner: kuku
--

COPY public.django_migrations (id, app, name, applied) FROM stdin;
1	contenttypes	0001_initial	2025-11-25 18:16:35.950044+03
2	contenttypes	0002_remove_content_type_name	2025-11-25 18:16:35.963962+03
3	auth	0001_initial	2025-11-25 18:16:36.004674+03
4	auth	0002_alter_permission_name_max_length	2025-11-25 18:16:36.015154+03
5	auth	0003_alter_user_email_max_length	2025-11-25 18:16:36.023367+03
6	auth	0004_alter_user_username_opts	2025-11-25 18:16:36.033094+03
7	auth	0005_alter_user_last_login_null	2025-11-25 18:16:36.044138+03
8	auth	0006_require_contenttypes_0002	2025-11-25 18:16:36.049644+03
9	auth	0007_alter_validators_add_error_messages	2025-11-25 18:16:36.059301+03
10	auth	0008_alter_user_username_max_length	2025-11-25 18:16:36.067728+03
11	auth	0009_alter_user_last_name_max_length	2025-11-25 18:16:36.07722+03
12	auth	0010_alter_group_name_max_length	2025-11-25 18:16:36.086696+03
13	auth	0011_update_proxy_permissions	2025-11-25 18:16:36.100132+03
14	auth	0012_alter_user_first_name_max_length	2025-11-25 18:16:36.11151+03
15	consolidated	0001_initial	2025-11-25 18:16:36.331449+03
16	admin	0001_initial	2025-11-25 18:16:36.367361+03
17	admin	0002_logentry_remove_auto_add	2025-11-25 18:16:36.388585+03
18	admin	0003_logentry_add_action_flag_choices	2025-11-25 18:16:36.407178+03
19	sessions	0001_initial	2025-11-25 18:16:36.421049+03
\.


--
-- Data for Name: django_session; Type: TABLE DATA; Schema: public; Owner: kuku
--

COPY public.django_session (session_key, session_data, expire_date) FROM stdin;
h9x5adeaw4mjox6n5mp6nipkpa1kcr4i	.eJxVjTkOwjAQRe_iGluOt4wp6TlDNOMZExYlUpYKcXcSKQXU_73336rDdem7dZapu7M6KysZMQnpGNjpEAA0BUkaMEuBBqykRp1-NcLylGF3-YHDbTRlHJbpTmZHzLHO5jqyvC4H-xfoce43u1bPrmWwhTgGCbhdenEJcvUOmxYstZUigHB0vkbK3lcnJRUBIonq8wUW0kH4:1vNuoQ:olsjMsm17ATJKa8_RHZtKjvdUYGt1ep-GMae0eisyeA	2025-12-09 18:18:38.818553+03
\.


--
-- Name: auth_group_id_seq; Type: SEQUENCE SET; Schema: public; Owner: kuku
--

SELECT pg_catalog.setval('public.auth_group_id_seq', 1, false);


--
-- Name: auth_group_permissions_id_seq; Type: SEQUENCE SET; Schema: public; Owner: kuku
--

SELECT pg_catalog.setval('public.auth_group_permissions_id_seq', 1, false);


--
-- Name: auth_permission_id_seq; Type: SEQUENCE SET; Schema: public; Owner: kuku
--

SELECT pg_catalog.setval('public.auth_permission_id_seq', 80, true);


--
-- Name: consolidated_user_groups_id_seq; Type: SEQUENCE SET; Schema: public; Owner: kuku
--

SELECT pg_catalog.setval('public.consolidated_user_groups_id_seq', 1, false);


--
-- Name: consolidated_user_user_permissions_id_seq; Type: SEQUENCE SET; Schema: public; Owner: kuku
--

SELECT pg_catalog.setval('public.consolidated_user_user_permissions_id_seq', 1, false);


--
-- Name: consolidated_userfeatureaccess_id_seq; Type: SEQUENCE SET; Schema: public; Owner: kuku
--

SELECT pg_catalog.setval('public.consolidated_userfeatureaccess_id_seq', 1, true);


--
-- Name: django_admin_log_id_seq; Type: SEQUENCE SET; Schema: public; Owner: kuku
--

SELECT pg_catalog.setval('public.django_admin_log_id_seq', 1, false);


--
-- Name: django_content_type_id_seq; Type: SEQUENCE SET; Schema: public; Owner: kuku
--

SELECT pg_catalog.setval('public.django_content_type_id_seq', 20, true);


--
-- Name: django_migrations_id_seq; Type: SEQUENCE SET; Schema: public; Owner: kuku
--

SELECT pg_catalog.setval('public.django_migrations_id_seq', 19, true);


--
-- Name: auth_group auth_group_name_key; Type: CONSTRAINT; Schema: public; Owner: kuku
--

ALTER TABLE ONLY public.auth_group
    ADD CONSTRAINT auth_group_name_key UNIQUE (name);


--
-- Name: auth_group_permissions auth_group_permissions_group_id_permission_id_0cd325b0_uniq; Type: CONSTRAINT; Schema: public; Owner: kuku
--

ALTER TABLE ONLY public.auth_group_permissions
    ADD CONSTRAINT auth_group_permissions_group_id_permission_id_0cd325b0_uniq UNIQUE (group_id, permission_id);


--
-- Name: auth_group_permissions auth_group_permissions_pkey; Type: CONSTRAINT; Schema: public; Owner: kuku
--

ALTER TABLE ONLY public.auth_group_permissions
    ADD CONSTRAINT auth_group_permissions_pkey PRIMARY KEY (id);


--
-- Name: auth_group auth_group_pkey; Type: CONSTRAINT; Schema: public; Owner: kuku
--

ALTER TABLE ONLY public.auth_group
    ADD CONSTRAINT auth_group_pkey PRIMARY KEY (id);


--
-- Name: auth_permission auth_permission_content_type_id_codename_01ab375a_uniq; Type: CONSTRAINT; Schema: public; Owner: kuku
--

ALTER TABLE ONLY public.auth_permission
    ADD CONSTRAINT auth_permission_content_type_id_codename_01ab375a_uniq UNIQUE (content_type_id, codename);


--
-- Name: auth_permission auth_permission_pkey; Type: CONSTRAINT; Schema: public; Owner: kuku
--

ALTER TABLE ONLY public.auth_permission
    ADD CONSTRAINT auth_permission_pkey PRIMARY KEY (id);


--
-- Name: consolidated_activity consolidated_activity_pkey; Type: CONSTRAINT; Schema: public; Owner: kuku
--

ALTER TABLE ONLY public.consolidated_activity
    ADD CONSTRAINT consolidated_activity_pkey PRIMARY KEY (id);


--
-- Name: consolidated_alert consolidated_alert_pkey; Type: CONSTRAINT; Schema: public; Owner: kuku
--

ALTER TABLE ONLY public.consolidated_alert
    ADD CONSTRAINT consolidated_alert_pkey PRIMARY KEY (id);


--
-- Name: consolidated_batch consolidated_batch_pkey; Type: CONSTRAINT; Schema: public; Owner: kuku
--

ALTER TABLE ONLY public.consolidated_batch
    ADD CONSTRAINT consolidated_batch_pkey PRIMARY KEY (id);


--
-- Name: consolidated_breedconfiguration consolidated_breedconfiguration_breed_name_key; Type: CONSTRAINT; Schema: public; Owner: kuku
--

ALTER TABLE ONLY public.consolidated_breedconfiguration
    ADD CONSTRAINT consolidated_breedconfiguration_breed_name_key UNIQUE (breed_name);


--
-- Name: consolidated_breedconfiguration consolidated_breedconfiguration_pkey; Type: CONSTRAINT; Schema: public; Owner: kuku
--

ALTER TABLE ONLY public.consolidated_breedconfiguration
    ADD CONSTRAINT consolidated_breedconfiguration_pkey PRIMARY KEY (id);


--
-- Name: consolidated_breedmilestone consolidated_breedmilestone_pkey; Type: CONSTRAINT; Schema: public; Owner: kuku
--

ALTER TABLE ONLY public.consolidated_breedmilestone
    ADD CONSTRAINT consolidated_breedmilestone_pkey PRIMARY KEY (id);


--
-- Name: consolidated_breedstage consolidated_breedstage_pkey; Type: CONSTRAINT; Schema: public; Owner: kuku
--

ALTER TABLE ONLY public.consolidated_breedstage
    ADD CONSTRAINT consolidated_breedstage_pkey PRIMARY KEY (id);


--
-- Name: consolidated_device consolidated_device_pkey; Type: CONSTRAINT; Schema: public; Owner: kuku
--

ALTER TABLE ONLY public.consolidated_device
    ADD CONSTRAINT consolidated_device_pkey PRIMARY KEY (id);


--
-- Name: consolidated_device consolidated_device_serial_number_key; Type: CONSTRAINT; Schema: public; Owner: kuku
--

ALTER TABLE ONLY public.consolidated_device
    ADD CONSTRAINT consolidated_device_serial_number_key UNIQUE (serial_number);


--
-- Name: consolidated_farm consolidated_farm_pkey; Type: CONSTRAINT; Schema: public; Owner: kuku
--

ALTER TABLE ONLY public.consolidated_farm
    ADD CONSTRAINT consolidated_farm_pkey PRIMARY KEY (id);


--
-- Name: consolidated_farmerprofile consolidated_farmerprofile_pkey; Type: CONSTRAINT; Schema: public; Owner: kuku
--

ALTER TABLE ONLY public.consolidated_farmerprofile
    ADD CONSTRAINT consolidated_farmerprofile_pkey PRIMARY KEY (user_id);


--
-- Name: consolidated_payment consolidated_payment_pkey; Type: CONSTRAINT; Schema: public; Owner: kuku
--

ALTER TABLE ONLY public.consolidated_payment
    ADD CONSTRAINT consolidated_payment_pkey PRIMARY KEY (id);


--
-- Name: consolidated_payment consolidated_payment_transaction_id_key; Type: CONSTRAINT; Schema: public; Owner: kuku
--

ALTER TABLE ONLY public.consolidated_payment
    ADD CONSTRAINT consolidated_payment_transaction_id_key UNIQUE (transaction_id);


--
-- Name: consolidated_recommendation consolidated_recommendation_pkey; Type: CONSTRAINT; Schema: public; Owner: kuku
--

ALTER TABLE ONLY public.consolidated_recommendation
    ADD CONSTRAINT consolidated_recommendation_pkey PRIMARY KEY (id);


--
-- Name: consolidated_subscription consolidated_subscription_pkey; Type: CONSTRAINT; Schema: public; Owner: kuku
--

ALTER TABLE ONLY public.consolidated_subscription
    ADD CONSTRAINT consolidated_subscription_pkey PRIMARY KEY (id);


--
-- Name: consolidated_subscriptionplan consolidated_subscriptionplan_pkey; Type: CONSTRAINT; Schema: public; Owner: kuku
--

ALTER TABLE ONLY public.consolidated_subscriptionplan
    ADD CONSTRAINT consolidated_subscriptionplan_pkey PRIMARY KEY (id);


--
-- Name: consolidated_user consolidated_user_email_key; Type: CONSTRAINT; Schema: public; Owner: kuku
--

ALTER TABLE ONLY public.consolidated_user
    ADD CONSTRAINT consolidated_user_email_key UNIQUE (email);


--
-- Name: consolidated_user_groups consolidated_user_groups_pkey; Type: CONSTRAINT; Schema: public; Owner: kuku
--

ALTER TABLE ONLY public.consolidated_user_groups
    ADD CONSTRAINT consolidated_user_groups_pkey PRIMARY KEY (id);


--
-- Name: consolidated_user_groups consolidated_user_groups_user_id_group_id_1cc0a4bd_uniq; Type: CONSTRAINT; Schema: public; Owner: kuku
--

ALTER TABLE ONLY public.consolidated_user_groups
    ADD CONSTRAINT consolidated_user_groups_user_id_group_id_1cc0a4bd_uniq UNIQUE (user_id, group_id);


--
-- Name: consolidated_user consolidated_user_pkey; Type: CONSTRAINT; Schema: public; Owner: kuku
--

ALTER TABLE ONLY public.consolidated_user
    ADD CONSTRAINT consolidated_user_pkey PRIMARY KEY (id);


--
-- Name: consolidated_user_user_permissions consolidated_user_user_p_user_id_permission_id_7f98cb8c_uniq; Type: CONSTRAINT; Schema: public; Owner: kuku
--

ALTER TABLE ONLY public.consolidated_user_user_permissions
    ADD CONSTRAINT consolidated_user_user_p_user_id_permission_id_7f98cb8c_uniq UNIQUE (user_id, permission_id);


--
-- Name: consolidated_user_user_permissions consolidated_user_user_permissions_pkey; Type: CONSTRAINT; Schema: public; Owner: kuku
--

ALTER TABLE ONLY public.consolidated_user_user_permissions
    ADD CONSTRAINT consolidated_user_user_permissions_pkey PRIMARY KEY (id);


--
-- Name: consolidated_userfeatureaccess consolidated_userfeatureaccess_pkey; Type: CONSTRAINT; Schema: public; Owner: kuku
--

ALTER TABLE ONLY public.consolidated_userfeatureaccess
    ADD CONSTRAINT consolidated_userfeatureaccess_pkey PRIMARY KEY (id);


--
-- Name: consolidated_userfeatureaccess consolidated_userfeatureaccess_user_id_key; Type: CONSTRAINT; Schema: public; Owner: kuku
--

ALTER TABLE ONLY public.consolidated_userfeatureaccess
    ADD CONSTRAINT consolidated_userfeatureaccess_user_id_key UNIQUE (user_id);


--
-- Name: django_admin_log django_admin_log_pkey; Type: CONSTRAINT; Schema: public; Owner: kuku
--

ALTER TABLE ONLY public.django_admin_log
    ADD CONSTRAINT django_admin_log_pkey PRIMARY KEY (id);


--
-- Name: django_content_type django_content_type_app_label_model_76bd3d3b_uniq; Type: CONSTRAINT; Schema: public; Owner: kuku
--

ALTER TABLE ONLY public.django_content_type
    ADD CONSTRAINT django_content_type_app_label_model_76bd3d3b_uniq UNIQUE (app_label, model);


--
-- Name: django_content_type django_content_type_pkey; Type: CONSTRAINT; Schema: public; Owner: kuku
--

ALTER TABLE ONLY public.django_content_type
    ADD CONSTRAINT django_content_type_pkey PRIMARY KEY (id);


--
-- Name: django_migrations django_migrations_pkey; Type: CONSTRAINT; Schema: public; Owner: kuku
--

ALTER TABLE ONLY public.django_migrations
    ADD CONSTRAINT django_migrations_pkey PRIMARY KEY (id);


--
-- Name: django_session django_session_pkey; Type: CONSTRAINT; Schema: public; Owner: kuku
--

ALTER TABLE ONLY public.django_session
    ADD CONSTRAINT django_session_pkey PRIMARY KEY (session_key);


--
-- Name: auth_group_name_a6ea08ec_like; Type: INDEX; Schema: public; Owner: kuku
--

CREATE INDEX auth_group_name_a6ea08ec_like ON public.auth_group USING btree (name varchar_pattern_ops);


--
-- Name: auth_group_permissions_group_id_b120cbf9; Type: INDEX; Schema: public; Owner: kuku
--

CREATE INDEX auth_group_permissions_group_id_b120cbf9 ON public.auth_group_permissions USING btree (group_id);


--
-- Name: auth_group_permissions_permission_id_84c5c92e; Type: INDEX; Schema: public; Owner: kuku
--

CREATE INDEX auth_group_permissions_permission_id_84c5c92e ON public.auth_group_permissions USING btree (permission_id);


--
-- Name: auth_permission_content_type_id_2f476e4b; Type: INDEX; Schema: public; Owner: kuku
--

CREATE INDEX auth_permission_content_type_id_2f476e4b ON public.auth_permission USING btree (content_type_id);


--
-- Name: consolidated_activity_batch_id_55ec00eb; Type: INDEX; Schema: public; Owner: kuku
--

CREATE INDEX consolidated_activity_batch_id_55ec00eb ON public.consolidated_activity USING btree (batch_id);


--
-- Name: consolidated_activity_farmer_id_a42d1dee; Type: INDEX; Schema: public; Owner: kuku
--

CREATE INDEX consolidated_activity_farmer_id_a42d1dee ON public.consolidated_activity USING btree (farmer_id);


--
-- Name: consolidated_alert_farmer_id_faaf21dc; Type: INDEX; Schema: public; Owner: kuku
--

CREATE INDEX consolidated_alert_farmer_id_faaf21dc ON public.consolidated_alert USING btree (farmer_id);


--
-- Name: consolidated_batch_farm_id_f3c2b16a; Type: INDEX; Schema: public; Owner: kuku
--

CREATE INDEX consolidated_batch_farm_id_f3c2b16a ON public.consolidated_batch USING btree (farm_id);


--
-- Name: consolidated_breedconfiguration_breed_name_1dcd2690_like; Type: INDEX; Schema: public; Owner: kuku
--

CREATE INDEX consolidated_breedconfiguration_breed_name_1dcd2690_like ON public.consolidated_breedconfiguration USING btree (breed_name varchar_pattern_ops);


--
-- Name: consolidated_breedmilestone_breed_id_e71e2455; Type: INDEX; Schema: public; Owner: kuku
--

CREATE INDEX consolidated_breedmilestone_breed_id_e71e2455 ON public.consolidated_breedmilestone USING btree (breed_id);


--
-- Name: consolidated_breedmilestone_stage_id_b03f2c6c; Type: INDEX; Schema: public; Owner: kuku
--

CREATE INDEX consolidated_breedmilestone_stage_id_b03f2c6c ON public.consolidated_breedmilestone USING btree (stage_id);


--
-- Name: consolidated_breedstage_breed_id_74da48b0; Type: INDEX; Schema: public; Owner: kuku
--

CREATE INDEX consolidated_breedstage_breed_id_74da48b0 ON public.consolidated_breedstage USING btree (breed_id);


--
-- Name: consolidated_device_batch_id_53d9528e; Type: INDEX; Schema: public; Owner: kuku
--

CREATE INDEX consolidated_device_batch_id_53d9528e ON public.consolidated_device USING btree (batch_id);


--
-- Name: consolidated_device_farm_id_109ba395; Type: INDEX; Schema: public; Owner: kuku
--

CREATE INDEX consolidated_device_farm_id_109ba395 ON public.consolidated_device USING btree (farm_id);


--
-- Name: consolidated_device_serial_number_8e8d34c9_like; Type: INDEX; Schema: public; Owner: kuku
--

CREATE INDEX consolidated_device_serial_number_8e8d34c9_like ON public.consolidated_device USING btree (serial_number varchar_pattern_ops);


--
-- Name: consolidated_farm_farmer_id_a83b42f5; Type: INDEX; Schema: public; Owner: kuku
--

CREATE INDEX consolidated_farm_farmer_id_a83b42f5 ON public.consolidated_farm USING btree (farmer_id);


--
-- Name: consolidated_payment_subscription_id_4d3e14ba; Type: INDEX; Schema: public; Owner: kuku
--

CREATE INDEX consolidated_payment_subscription_id_4d3e14ba ON public.consolidated_payment USING btree (subscription_id);


--
-- Name: consolidated_payment_transaction_id_e242252b_like; Type: INDEX; Schema: public; Owner: kuku
--

CREATE INDEX consolidated_payment_transaction_id_e242252b_like ON public.consolidated_payment USING btree (transaction_id varchar_pattern_ops);


--
-- Name: consolidated_recommendation_created_by_id_a713ca22; Type: INDEX; Schema: public; Owner: kuku
--

CREATE INDEX consolidated_recommendation_created_by_id_a713ca22 ON public.consolidated_recommendation USING btree (created_by_id);


--
-- Name: consolidated_subscription_farmer_id_268318f4; Type: INDEX; Schema: public; Owner: kuku
--

CREATE INDEX consolidated_subscription_farmer_id_268318f4 ON public.consolidated_subscription USING btree (farmer_id);


--
-- Name: consolidated_subscription_plan_id_a04316b2; Type: INDEX; Schema: public; Owner: kuku
--

CREATE INDEX consolidated_subscription_plan_id_a04316b2 ON public.consolidated_subscription USING btree (plan_id);


--
-- Name: consolidated_user_email_61ab10b8_like; Type: INDEX; Schema: public; Owner: kuku
--

CREATE INDEX consolidated_user_email_61ab10b8_like ON public.consolidated_user USING btree (email varchar_pattern_ops);


--
-- Name: consolidated_user_groups_group_id_13a9e585; Type: INDEX; Schema: public; Owner: kuku
--

CREATE INDEX consolidated_user_groups_group_id_13a9e585 ON public.consolidated_user_groups USING btree (group_id);


--
-- Name: consolidated_user_groups_user_id_46a68618; Type: INDEX; Schema: public; Owner: kuku
--

CREATE INDEX consolidated_user_groups_user_id_46a68618 ON public.consolidated_user_groups USING btree (user_id);


--
-- Name: consolidated_user_user_permissions_permission_id_358a573f; Type: INDEX; Schema: public; Owner: kuku
--

CREATE INDEX consolidated_user_user_permissions_permission_id_358a573f ON public.consolidated_user_user_permissions USING btree (permission_id);


--
-- Name: consolidated_user_user_permissions_user_id_efdd14fa; Type: INDEX; Schema: public; Owner: kuku
--

CREATE INDEX consolidated_user_user_permissions_user_id_efdd14fa ON public.consolidated_user_user_permissions USING btree (user_id);


--
-- Name: django_admin_log_content_type_id_c4bce8eb; Type: INDEX; Schema: public; Owner: kuku
--

CREATE INDEX django_admin_log_content_type_id_c4bce8eb ON public.django_admin_log USING btree (content_type_id);


--
-- Name: django_admin_log_user_id_c564eba6; Type: INDEX; Schema: public; Owner: kuku
--

CREATE INDEX django_admin_log_user_id_c564eba6 ON public.django_admin_log USING btree (user_id);


--
-- Name: django_session_expire_date_a5c62663; Type: INDEX; Schema: public; Owner: kuku
--

CREATE INDEX django_session_expire_date_a5c62663 ON public.django_session USING btree (expire_date);


--
-- Name: django_session_session_key_c0390e0f_like; Type: INDEX; Schema: public; Owner: kuku
--

CREATE INDEX django_session_session_key_c0390e0f_like ON public.django_session USING btree (session_key varchar_pattern_ops);


--
-- Name: auth_group_permissions auth_group_permissio_permission_id_84c5c92e_fk_auth_perm; Type: FK CONSTRAINT; Schema: public; Owner: kuku
--

ALTER TABLE ONLY public.auth_group_permissions
    ADD CONSTRAINT auth_group_permissio_permission_id_84c5c92e_fk_auth_perm FOREIGN KEY (permission_id) REFERENCES public.auth_permission(id) DEFERRABLE INITIALLY DEFERRED;


--
-- Name: auth_group_permissions auth_group_permissions_group_id_b120cbf9_fk_auth_group_id; Type: FK CONSTRAINT; Schema: public; Owner: kuku
--

ALTER TABLE ONLY public.auth_group_permissions
    ADD CONSTRAINT auth_group_permissions_group_id_b120cbf9_fk_auth_group_id FOREIGN KEY (group_id) REFERENCES public.auth_group(id) DEFERRABLE INITIALLY DEFERRED;


--
-- Name: auth_permission auth_permission_content_type_id_2f476e4b_fk_django_co; Type: FK CONSTRAINT; Schema: public; Owner: kuku
--

ALTER TABLE ONLY public.auth_permission
    ADD CONSTRAINT auth_permission_content_type_id_2f476e4b_fk_django_co FOREIGN KEY (content_type_id) REFERENCES public.django_content_type(id) DEFERRABLE INITIALLY DEFERRED;


--
-- Name: consolidated_activity consolidated_activit_batch_id_55ec00eb_fk_consolida; Type: FK CONSTRAINT; Schema: public; Owner: kuku
--

ALTER TABLE ONLY public.consolidated_activity
    ADD CONSTRAINT consolidated_activit_batch_id_55ec00eb_fk_consolida FOREIGN KEY (batch_id) REFERENCES public.consolidated_batch(id) DEFERRABLE INITIALLY DEFERRED;


--
-- Name: consolidated_activity consolidated_activit_farmer_id_a42d1dee_fk_consolida; Type: FK CONSTRAINT; Schema: public; Owner: kuku
--

ALTER TABLE ONLY public.consolidated_activity
    ADD CONSTRAINT consolidated_activit_farmer_id_a42d1dee_fk_consolida FOREIGN KEY (farmer_id) REFERENCES public.consolidated_farmerprofile(user_id) DEFERRABLE INITIALLY DEFERRED;


--
-- Name: consolidated_alert consolidated_alert_farmer_id_faaf21dc_fk_consolida; Type: FK CONSTRAINT; Schema: public; Owner: kuku
--

ALTER TABLE ONLY public.consolidated_alert
    ADD CONSTRAINT consolidated_alert_farmer_id_faaf21dc_fk_consolida FOREIGN KEY (farmer_id) REFERENCES public.consolidated_farmerprofile(user_id) DEFERRABLE INITIALLY DEFERRED;


--
-- Name: consolidated_batch consolidated_batch_farm_id_f3c2b16a_fk_consolidated_farm_id; Type: FK CONSTRAINT; Schema: public; Owner: kuku
--

ALTER TABLE ONLY public.consolidated_batch
    ADD CONSTRAINT consolidated_batch_farm_id_f3c2b16a_fk_consolidated_farm_id FOREIGN KEY (farm_id) REFERENCES public.consolidated_farm(id) DEFERRABLE INITIALLY DEFERRED;


--
-- Name: consolidated_breedmilestone consolidated_breedmi_breed_id_e71e2455_fk_consolida; Type: FK CONSTRAINT; Schema: public; Owner: kuku
--

ALTER TABLE ONLY public.consolidated_breedmilestone
    ADD CONSTRAINT consolidated_breedmi_breed_id_e71e2455_fk_consolida FOREIGN KEY (breed_id) REFERENCES public.consolidated_breedconfiguration(id) DEFERRABLE INITIALLY DEFERRED;


--
-- Name: consolidated_breedmilestone consolidated_breedmi_stage_id_b03f2c6c_fk_consolida; Type: FK CONSTRAINT; Schema: public; Owner: kuku
--

ALTER TABLE ONLY public.consolidated_breedmilestone
    ADD CONSTRAINT consolidated_breedmi_stage_id_b03f2c6c_fk_consolida FOREIGN KEY (stage_id) REFERENCES public.consolidated_breedstage(id) DEFERRABLE INITIALLY DEFERRED;


--
-- Name: consolidated_breedstage consolidated_breedst_breed_id_74da48b0_fk_consolida; Type: FK CONSTRAINT; Schema: public; Owner: kuku
--

ALTER TABLE ONLY public.consolidated_breedstage
    ADD CONSTRAINT consolidated_breedst_breed_id_74da48b0_fk_consolida FOREIGN KEY (breed_id) REFERENCES public.consolidated_breedconfiguration(id) DEFERRABLE INITIALLY DEFERRED;


--
-- Name: consolidated_device consolidated_device_batch_id_53d9528e_fk_consolidated_batch_id; Type: FK CONSTRAINT; Schema: public; Owner: kuku
--

ALTER TABLE ONLY public.consolidated_device
    ADD CONSTRAINT consolidated_device_batch_id_53d9528e_fk_consolidated_batch_id FOREIGN KEY (batch_id) REFERENCES public.consolidated_batch(id) DEFERRABLE INITIALLY DEFERRED;


--
-- Name: consolidated_device consolidated_device_farm_id_109ba395_fk_consolidated_farm_id; Type: FK CONSTRAINT; Schema: public; Owner: kuku
--

ALTER TABLE ONLY public.consolidated_device
    ADD CONSTRAINT consolidated_device_farm_id_109ba395_fk_consolidated_farm_id FOREIGN KEY (farm_id) REFERENCES public.consolidated_farm(id) DEFERRABLE INITIALLY DEFERRED;


--
-- Name: consolidated_farm consolidated_farm_farmer_id_a83b42f5_fk_consolida; Type: FK CONSTRAINT; Schema: public; Owner: kuku
--

ALTER TABLE ONLY public.consolidated_farm
    ADD CONSTRAINT consolidated_farm_farmer_id_a83b42f5_fk_consolida FOREIGN KEY (farmer_id) REFERENCES public.consolidated_farmerprofile(user_id) DEFERRABLE INITIALLY DEFERRED;


--
-- Name: consolidated_farmerprofile consolidated_farmerp_user_id_6679de38_fk_consolida; Type: FK CONSTRAINT; Schema: public; Owner: kuku
--

ALTER TABLE ONLY public.consolidated_farmerprofile
    ADD CONSTRAINT consolidated_farmerp_user_id_6679de38_fk_consolida FOREIGN KEY (user_id) REFERENCES public.consolidated_user(id) DEFERRABLE INITIALLY DEFERRED;


--
-- Name: consolidated_payment consolidated_payment_subscription_id_4d3e14ba_fk_consolida; Type: FK CONSTRAINT; Schema: public; Owner: kuku
--

ALTER TABLE ONLY public.consolidated_payment
    ADD CONSTRAINT consolidated_payment_subscription_id_4d3e14ba_fk_consolida FOREIGN KEY (subscription_id) REFERENCES public.consolidated_subscription(id) DEFERRABLE INITIALLY DEFERRED;


--
-- Name: consolidated_recommendation consolidated_recomme_created_by_id_a713ca22_fk_consolida; Type: FK CONSTRAINT; Schema: public; Owner: kuku
--

ALTER TABLE ONLY public.consolidated_recommendation
    ADD CONSTRAINT consolidated_recomme_created_by_id_a713ca22_fk_consolida FOREIGN KEY (created_by_id) REFERENCES public.consolidated_user(id) DEFERRABLE INITIALLY DEFERRED;


--
-- Name: consolidated_subscription consolidated_subscri_farmer_id_268318f4_fk_consolida; Type: FK CONSTRAINT; Schema: public; Owner: kuku
--

ALTER TABLE ONLY public.consolidated_subscription
    ADD CONSTRAINT consolidated_subscri_farmer_id_268318f4_fk_consolida FOREIGN KEY (farmer_id) REFERENCES public.consolidated_farmerprofile(user_id) DEFERRABLE INITIALLY DEFERRED;


--
-- Name: consolidated_subscription consolidated_subscri_plan_id_a04316b2_fk_consolida; Type: FK CONSTRAINT; Schema: public; Owner: kuku
--

ALTER TABLE ONLY public.consolidated_subscription
    ADD CONSTRAINT consolidated_subscri_plan_id_a04316b2_fk_consolida FOREIGN KEY (plan_id) REFERENCES public.consolidated_subscriptionplan(id) DEFERRABLE INITIALLY DEFERRED;


--
-- Name: consolidated_user_groups consolidated_user_gr_user_id_46a68618_fk_consolida; Type: FK CONSTRAINT; Schema: public; Owner: kuku
--

ALTER TABLE ONLY public.consolidated_user_groups
    ADD CONSTRAINT consolidated_user_gr_user_id_46a68618_fk_consolida FOREIGN KEY (user_id) REFERENCES public.consolidated_user(id) DEFERRABLE INITIALLY DEFERRED;


--
-- Name: consolidated_user_groups consolidated_user_groups_group_id_13a9e585_fk_auth_group_id; Type: FK CONSTRAINT; Schema: public; Owner: kuku
--

ALTER TABLE ONLY public.consolidated_user_groups
    ADD CONSTRAINT consolidated_user_groups_group_id_13a9e585_fk_auth_group_id FOREIGN KEY (group_id) REFERENCES public.auth_group(id) DEFERRABLE INITIALLY DEFERRED;


--
-- Name: consolidated_user_user_permissions consolidated_user_us_permission_id_358a573f_fk_auth_perm; Type: FK CONSTRAINT; Schema: public; Owner: kuku
--

ALTER TABLE ONLY public.consolidated_user_user_permissions
    ADD CONSTRAINT consolidated_user_us_permission_id_358a573f_fk_auth_perm FOREIGN KEY (permission_id) REFERENCES public.auth_permission(id) DEFERRABLE INITIALLY DEFERRED;


--
-- Name: consolidated_user_user_permissions consolidated_user_us_user_id_efdd14fa_fk_consolida; Type: FK CONSTRAINT; Schema: public; Owner: kuku
--

ALTER TABLE ONLY public.consolidated_user_user_permissions
    ADD CONSTRAINT consolidated_user_us_user_id_efdd14fa_fk_consolida FOREIGN KEY (user_id) REFERENCES public.consolidated_user(id) DEFERRABLE INITIALLY DEFERRED;


--
-- Name: consolidated_userfeatureaccess consolidated_userfea_user_id_3b71fbfe_fk_consolida; Type: FK CONSTRAINT; Schema: public; Owner: kuku
--

ALTER TABLE ONLY public.consolidated_userfeatureaccess
    ADD CONSTRAINT consolidated_userfea_user_id_3b71fbfe_fk_consolida FOREIGN KEY (user_id) REFERENCES public.consolidated_user(id) DEFERRABLE INITIALLY DEFERRED;


--
-- Name: django_admin_log django_admin_log_content_type_id_c4bce8eb_fk_django_co; Type: FK CONSTRAINT; Schema: public; Owner: kuku
--

ALTER TABLE ONLY public.django_admin_log
    ADD CONSTRAINT django_admin_log_content_type_id_c4bce8eb_fk_django_co FOREIGN KEY (content_type_id) REFERENCES public.django_content_type(id) DEFERRABLE INITIALLY DEFERRED;


--
-- Name: django_admin_log django_admin_log_user_id_c564eba6_fk_consolidated_user_id; Type: FK CONSTRAINT; Schema: public; Owner: kuku
--

ALTER TABLE ONLY public.django_admin_log
    ADD CONSTRAINT django_admin_log_user_id_c564eba6_fk_consolidated_user_id FOREIGN KEY (user_id) REFERENCES public.consolidated_user(id) DEFERRABLE INITIALLY DEFERRED;


--
-- PostgreSQL database dump complete
--

